Row,S,Su,N,D
S,497.738396137551,497.738396137551,116.047283977284,497.738396137551
Su,497.738396137551,497.738396137551,116.047283977284,497.738396137551
N,116.047283977284,116.047283977284,116.047283977284,116.047283977284
D,497.738396137551,497.738396137551,116.047283977284,497.738396137551
